index,truck_id,truck_age,load_capacity_pounds,mileage_mpg,fuel_type,event_date
0,42302347,10,3000.0,17,gas,2024-09-19
1,27867488,14,10000.0,22,diesel,2024-09-19
2,13927774,8,10000.0,19,gas,2024-09-19
3,69577118,8,20000.0,19,gas,2024-09-19
4,28650047,10,4000.0,21,diesel,2024-09-19
5,29303248,9,4000.0,15,gas,2024-09-19
6,76304377,8,3000.0,20,diesel,2024-09-19
10,45395833,9,6000.0,23,diesel,2024-09-19
11,63115903,8,4000.0,16,gas,2024-09-19
12,10633538,8,3000.0,21,diesel,2024-09-19
14,30567382,10,6000.0,27,diesel,2024-09-19
15,27799951,9,15000.0,16,gas,2024-09-19
16,28678505,10,4000.0,16,gas,2024-09-19
17,27565604,8,15000.0,16,gas,2024-09-19
18,11490614,10,3000.0,19,gas,2024-09-19
19,77945069,8,15000.0,18,gas,2024-09-19
20,96362807,11,3000.0,14,gas,2024-09-19
21,14370115,9,6000.0,17,gas,2024-09-19
22,13680498,12,10000.0,23,diesel,2024-09-19
24,14407628,8,10000.0,19,gas,2024-09-19
25,29781564,10,4000.0,28,diesel,2024-09-19
26,17743573,9,20000.0,26,diesel,2024-09-19
27,25645401,12,6000.0,14,gas,2024-09-19
28,24287743,11,4000.0,16,gas,2024-09-19
29,33014292,7,10000.0,22,diesel,2024-09-19
30,18910102,9,4000.0,17,gas,2024-09-19
31,17139230,8,4000.0,23,diesel,2024-09-19
32,21001184,11,15000.0,17,gas,2024-09-19
33,27274345,10,15000.0,23,diesel,2024-09-19
34,31908174,13,6000.0,17,gas,2024-09-19
35,14541120,12,15000.0,14,gas,2024-09-19
36,28389523,11,3000.0,26,diesel,2024-09-19
37,33201533,7,4000.0,24,diesel,2024-09-19
38,25886492,9,20000.0,18,gas,2024-09-19
40,27381592,6,15000.0,14,gas,2024-09-19
41,24123509,9,10000.0,15,gas,2024-09-19
42,81904066,10,15000.0,22,diesel,2024-09-19
43,22653688,8,6000.0,22,diesel,2024-09-19
44,15561135,11,4000.0,25,diesel,2024-09-19
45,21945481,10,4000.0,24,diesel,2024-09-19
47,91138034,13,15000.0,19,gas,2024-09-19
48,29906375,11,10000.0,15,gas,2024-09-19
49,11346582,6,6000.0,21,gas,2024-09-19
50,61292553,8,10000.0,15,gas,2024-09-19
51,29349534,13,3000.0,16,gas,2024-09-19
52,16290844,12,3000.0,22,diesel,2024-09-19
53,23060231,7,3000.0,24,diesel,2024-09-19
54,16825520,11,3000.0,19,gas,2024-09-19
55,31955961,5,20000.0,27,diesel,2024-09-19
56,23826257,9,4000.0,19,gas,2024-09-19
57,14902476,8,3000.0,26,diesel,2024-09-19
58,24774056,13,20000.0,17,gas,2024-09-19
59,27618452,9,15000.0,18,gas,2024-09-19
60,56498624,13,3000.0,17,gas,2024-09-19
61,25523248,10,10000.0,25,diesel,2024-09-19
62,12298240,9,3000.0,18,gas,2024-09-19
63,31825609,9,20000.0,27,diesel,2024-09-19
64,12052665,10,3000.0,16,gas,2024-09-19
66,30594654,9,10000.0,22,gas,2024-09-19
67,28978466,10,3000.0,20,gas,2024-09-19
68,43346401,13,15000.0,23,diesel,2024-09-19
69,17464939,11,10000.0,21,diesel,2024-09-19
70,31794890,8,10000.0,21,gas,2024-09-19
71,29006962,11,3000.0,18,gas,2024-09-19
72,11968468,9,3000.0,22,diesel,2024-09-19
73,22154304,9,6000.0,22,diesel,2024-09-19
74,15000219,10,15000.0,22,diesel,2024-09-19
75,12155785,6,15000.0,21,diesel,2024-09-19
76,22622421,7,3000.0,25,diesel,2024-09-19
77,31889845,8,20000.0,24,diesel,2024-09-19
78,10630400,9,15000.0,19,gas,2024-09-19
80,83629587,10,20000.0,18,gas,2024-09-19
81,10390308,10,4000.0,27,diesel,2024-09-19
82,17374677,8,4000.0,24,diesel,2024-09-19
83,22563087,8,6000.0,20,gas,2024-09-19
84,48597864,9,3000.0,15,gas,2024-09-19
85,28921384,10,15000.0,26,diesel,2024-09-19
86,31363807,8,15000.0,14,gas,2024-09-19
87,56029484,6,10000.0,17,gas,2024-09-19
88,11232163,10,10000.0,24,diesel,2024-09-19
89,85069715,9,4000.0,23,diesel,2024-09-19
90,18653108,6,20000.0,22,diesel,2024-09-19
91,11759429,11,3000.0,14,gas,2024-09-19
92,95354743,10,4000.0,17,gas,2024-09-19
93,18441286,10,6000.0,23,diesel,2024-09-19
94,24356102,11,10000.0,22,gas,2024-09-19
95,20212074,14,6000.0,16,gas,2024-09-19
96,18850246,8,10000.0,23,diesel,2024-09-19
97,64894212,8,10000.0,18,diesel,2024-09-19
98,10509722,10,3000.0,24,diesel,2024-09-19
99,23496275,11,3000.0,17,gas,2024-09-19
100,16668142,10,4000.0,23,diesel,2024-09-19
101,31312028,5,4000.0,24,diesel,2024-09-19
102,25805634,7,3000.0,22,gas,2024-09-19
103,38324855,6,10000.0,16,gas,2024-09-19
104,21949967,9,4000.0,19,gas,2024-09-19
105,30336823,11,3000.0,21,diesel,2024-09-19
106,19486564,8,4000.0,17,gas,2024-09-19
107,26739096,8,10000.0,23,diesel,2024-09-19
108,15060086,14,15000.0,18,gas,2024-09-19
109,19350992,11,6000.0,22,gas,2024-09-19
110,21999423,7,15000.0,26,diesel,2024-09-19
111,80740040,12,15000.0,21,diesel,2024-09-19
112,29378614,7,15000.0,22,diesel,2024-09-19
113,16928992,8,3000.0,23,diesel,2024-09-19
114,84586269,9,10000.0,25,diesel,2024-09-19
115,81874052,11,10000.0,18,gas,2024-09-19
119,10747274,9,4000.0,22,diesel,2024-09-19
120,30742689,12,3000.0,25,diesel,2024-09-19
121,52057455,7,4000.0,24,diesel,2024-09-19
122,25120714,7,15000.0,25,diesel,2024-09-19
124,14875808,7,3000.0,24,diesel,2024-09-19
125,13172330,4,4000.0,16,gas,2024-09-19
126,30973015,10,6000.0,16,gas,2024-09-19
127,96814728,12,3000.0,23,diesel,2024-09-19
128,33571967,8,3000.0,16,gas,2024-09-19
129,30423343,10,15000.0,15,gas,2024-09-19
130,22705355,7,10000.0,18,gas,2024-09-19
131,25558384,7,3000.0,13,gas,2024-09-19
132,28713449,11,10000.0,17,gas,2024-09-19
133,20724268,8,15000.0,24,diesel,2024-09-19
134,24350497,8,6000.0,23,diesel,2024-09-19
135,14849907,12,10000.0,24,diesel,2024-09-19
136,82265012,11,3000.0,20,diesel,2024-09-19
138,14720175,11,3000.0,18,diesel,2024-09-19
139,11889158,9,20000.0,22,diesel,2024-09-19
140,21716796,11,3000.0,21,diesel,2024-09-19
141,17260588,12,20000.0,24,diesel,2024-09-19
142,90863204,5,20000.0,24,diesel,2024-09-19
144,51580610,10,6000.0,24,diesel,2024-09-19
145,16618542,9,15000.0,18,gas,2024-09-19
147,23024395,11,10000.0,23,diesel,2024-09-19
148,32383950,10,15000.0,23,diesel,2024-09-19
149,57863670,7,3000.0,17,gas,2024-09-19
150,20276394,11,6000.0,26,diesel,2024-09-19
151,21928760,13,6000.0,17,gas,2024-09-19
152,27433073,8,15000.0,16,gas,2024-09-19
153,25670063,10,6000.0,15,gas,2024-09-19
154,27082207,12,3000.0,26,diesel,2024-09-19
155,10787409,11,3000.0,23,diesel,2024-09-19
156,21873226,11,15000.0,20,gas,2024-09-19
157,10455714,9,15000.0,25,diesel,2024-09-19
158,53208128,11,10000.0,21,diesel,2024-09-19
159,29061230,12,15000.0,26,diesel,2024-09-19
160,25822301,11,3000.0,19,diesel,2024-09-19
161,59964723,7,15000.0,14,gas,2024-09-19
163,79272556,7,3000.0,25,diesel,2024-09-19
164,22421199,8,15000.0,19,diesel,2024-09-19
165,65204544,10,10000.0,22,diesel,2024-09-19
166,22563920,11,20000.0,18,gas,2024-09-19
167,21011340,12,15000.0,16,gas,2024-09-19
168,24444155,9,15000.0,19,gas,2024-09-19
169,10048865,9,6000.0,21,diesel,2024-09-19
173,11972697,9,3000.0,18,gas,2024-09-19
174,28331634,9,15000.0,19,gas,2024-09-19
175,15421875,10,10000.0,17,gas,2024-09-19
176,61984883,8,3000.0,15,gas,2024-09-19
177,27086559,8,15000.0,16,gas,2024-09-19
178,16325476,11,15000.0,25,diesel,2024-09-19
179,32241370,11,3000.0,20,diesel,2024-09-19
180,27772723,11,4000.0,19,gas,2024-09-19
181,22065392,9,15000.0,19,gas,2024-09-19
182,28674842,10,10000.0,17,gas,2024-09-19
183,21026790,6,15000.0,28,diesel,2024-09-19
184,16560736,12,6000.0,22,diesel,2024-09-19
185,46155960,10,6000.0,20,gas,2024-09-19
186,25366317,10,4000.0,23,diesel,2024-09-19
187,12773858,7,20000.0,24,diesel,2024-09-19
188,25556132,4,15000.0,25,diesel,2024-09-19
189,66365909,13,15000.0,25,diesel,2024-09-19
190,27998086,8,4000.0,21,gas,2024-09-19
191,26687586,13,4000.0,22,diesel,2024-09-19
192,32984940,11,3000.0,20,gas,2024-09-19
193,24220764,6,6000.0,17,gas,2024-09-19
195,75281181,10,3000.0,24,diesel,2024-09-19
196,33546317,8,3000.0,17,gas,2024-09-19
198,88471068,9,3000.0,22,diesel,2024-09-19
199,19380767,9,3000.0,18,gas,2024-09-19
200,15242565,13,20000.0,18,gas,2024-09-19
201,25577731,9,15000.0,20,gas,2024-09-19
202,77969688,9,20000.0,18,gas,2024-09-19
203,31295807,13,3000.0,25,diesel,2024-09-19
204,10234289,8,15000.0,13,gas,2024-09-19
205,22220018,9,6000.0,24,diesel,2024-09-19
206,21260443,8,10000.0,23,diesel,2024-09-19
207,29008685,9,15000.0,17,gas,2024-09-19
208,47842104,9,3000.0,16,gas,2024-09-19
209,48123356,7,4000.0,19,gas,2024-09-19
210,18855810,9,20000.0,23,diesel,2024-09-19
211,29135433,10,6000.0,23,diesel,2024-09-19
212,13131138,7,3000.0,21,diesel,2024-09-19
213,10375958,12,15000.0,24,diesel,2024-09-19
214,18882093,10,15000.0,21,diesel,2024-09-19
215,88252334,11,20000.0,26,diesel,2024-09-19
216,30794834,7,10000.0,18,gas,2024-09-19
217,23236058,11,20000.0,22,diesel,2024-09-19
218,61926000,11,6000.0,17,gas,2024-09-19
219,21539605,8,3000.0,18,gas,2024-09-19
220,21111802,8,3000.0,25,diesel,2024-09-19
221,26872264,11,20000.0,26,diesel,2024-09-19
222,22209237,10,15000.0,23,diesel,2024-09-19
223,24288637,10,3000.0,20,gas,2024-09-19
224,14046819,12,15000.0,14,gas,2024-09-19
225,21048046,7,3000.0,23,diesel,2024-09-19
226,33921946,6,4000.0,27,diesel,2024-09-19
227,11191961,10,3000.0,15,gas,2024-09-19
228,50064164,11,3000.0,17,gas,2024-09-19
229,17867711,9,3000.0,17,gas,2024-09-19
230,23821505,11,15000.0,19,gas,2024-09-19
232,31669111,9,4000.0,24,diesel,2024-09-19
234,26753518,8,15000.0,24,diesel,2024-09-19
235,28507630,11,6000.0,23,diesel,2024-09-19
236,46115322,12,10000.0,20,gas,2024-09-19
237,29054232,9,3000.0,25,diesel,2024-09-19
238,99981667,13,4000.0,14,gas,2024-09-19
239,18507407,13,4000.0,20,gas,2024-09-19
241,10966168,10,15000.0,27,diesel,2024-09-19
242,24859292,14,3000.0,16,gas,2024-09-19
243,28411080,9,3000.0,22,diesel,2024-09-19
244,24803038,11,10000.0,20,diesel,2024-09-19
245,29791384,9,3000.0,13,gas,2024-09-19
246,28641704,10,3000.0,22,diesel,2024-09-19
247,18255500,9,6000.0,21,gas,2024-09-19
248,33250272,9,15000.0,24,gas,2024-09-19
250,26874710,8,3000.0,16,gas,2024-09-19
251,41797401,9,4000.0,19,gas,2024-09-19
252,21265684,10,4000.0,17,gas,2024-09-19
253,25314663,10,15000.0,15,gas,2024-09-19
254,29121332,9,4000.0,23,diesel,2024-09-19
255,19289011,11,4000.0,19,gas,2024-09-19
256,10495266,7,20000.0,22,diesel,2024-09-19
257,14732208,10,6000.0,25,diesel,2024-09-19
259,26911166,8,3000.0,21,diesel,2024-09-19
260,68430851,10,15000.0,19,gas,2024-09-19
261,25017099,7,6000.0,24,diesel,2024-09-19
262,20482428,9,3000.0,24,diesel,2024-09-19
263,31840617,10,3000.0,21,gas,2024-09-19
264,32293070,11,6000.0,16,gas,2024-09-19
265,32668232,11,6000.0,20,gas,2024-09-19
266,26165649,11,3000.0,24,diesel,2024-09-19
267,16013013,11,3000.0,25,diesel,2024-09-19
268,21103543,9,3000.0,24,diesel,2024-09-19
269,58330582,10,3000.0,19,gas,2024-09-19
271,41046509,9,3000.0,22,diesel,2024-09-19
272,39580514,9,6000.0,26,diesel,2024-09-19
273,26459758,8,15000.0,25,diesel,2024-09-19
274,15048376,9,10000.0,16,gas,2024-09-19
275,29106045,12,10000.0,27,diesel,2024-09-19
276,32255566,7,15000.0,16,gas,2024-09-19
277,11973768,10,4000.0,25,diesel,2024-09-19
278,80470212,8,6000.0,25,diesel,2024-09-19
279,22112064,8,4000.0,17,gas,2024-09-19
280,22239531,10,3000.0,17,gas,2024-09-19
281,27585963,7,15000.0,22,diesel,2024-09-19
283,95696710,6,15000.0,21,diesel,2024-09-19
284,27668566,12,4000.0,27,diesel,2024-09-19
285,15886277,11,3000.0,17,gas,2024-09-19
286,26079111,6,3000.0,26,diesel,2024-09-19
287,22913195,9,15000.0,17,gas,2024-09-19
288,13439737,11,15000.0,15,gas,2024-09-19
289,16640575,9,20000.0,21,diesel,2024-09-19
290,10366123,7,6000.0,20,gas,2024-09-19
291,14262671,12,15000.0,23,gas,2024-09-19
293,20558404,8,3000.0,22,diesel,2024-09-19
294,26511178,12,6000.0,20,diesel,2024-09-19
295,25773008,9,4000.0,17,gas,2024-09-19
296,14688558,8,4000.0,19,gas,2024-09-19
297,14915064,9,3000.0,17,gas,2024-09-19
298,57473533,8,3000.0,18,gas,2024-09-19
299,26768431,11,15000.0,25,diesel,2024-09-19
300,24964335,10,10000.0,16,gas,2024-09-19
301,57182671,10,6000.0,24,diesel,2024-09-19
302,30147233,9,4000.0,22,diesel,2024-09-19
303,26768849,8,4000.0,22,diesel,2024-09-19
304,40072775,10,3000.0,19,gas,2024-09-19
305,32864873,7,6000.0,24,diesel,2024-09-19
306,19571575,9,6000.0,18,gas,2024-09-19
307,27565289,5,6000.0,22,gas,2024-09-19
308,13603119,12,3000.0,24,diesel,2024-09-19
309,31057269,10,15000.0,24,diesel,2024-09-19
310,50812426,8,4000.0,24,diesel,2024-09-19
311,14357029,9,6000.0,19,gas,2024-09-19
312,12168173,9,15000.0,23,diesel,2024-09-19
313,91955140,9,3000.0,26,diesel,2024-09-19
314,76949042,10,15000.0,26,diesel,2024-09-19
315,14560694,9,6000.0,19,gas,2024-09-19
316,11189150,11,4000.0,21,diesel,2024-09-19
317,31827682,9,4000.0,24,diesel,2024-09-19
318,15506849,10,15000.0,26,diesel,2024-09-19
319,32898016,14,6000.0,17,gas,2024-09-19
321,31403868,9,4000.0,23,diesel,2024-09-19
322,21680317,9,4000.0,26,diesel,2024-09-19
323,26840608,10,6000.0,22,diesel,2024-09-19
324,87277280,10,15000.0,20,diesel,2024-09-19
325,16815307,8,4000.0,25,diesel,2024-09-19
326,88231513,6,3000.0,17,gas,2024-09-19
327,22748353,8,4000.0,25,diesel,2024-09-19
328,18264020,9,15000.0,23,diesel,2024-09-19
330,59960001,9,3000.0,23,diesel,2024-09-19
331,27384735,8,4000.0,21,diesel,2024-09-19
333,61318546,8,4000.0,17,gas,2024-09-19
334,25347670,14,3000.0,17,gas,2024-09-19
335,21243568,8,15000.0,17,gas,2024-09-19
336,24712768,14,3000.0,22,diesel,2024-09-19
337,18273387,10,15000.0,23,diesel,2024-09-19
338,31923822,7,20000.0,23,diesel,2024-09-19
339,19112093,10,10000.0,15,gas,2024-09-19
341,95491489,10,10000.0,23,diesel,2024-09-19
342,31562809,6,20000.0,23,diesel,2024-09-19
344,33246891,10,6000.0,25,diesel,2024-09-19
345,51527807,13,6000.0,19,gas,2024-09-19
346,17787739,10,15000.0,17,gas,2024-09-19
347,27935116,8,15000.0,21,gas,2024-09-19
349,81965280,8,15000.0,17,gas,2024-09-19
350,50632770,8,10000.0,23,diesel,2024-09-19
351,13631150,8,4000.0,22,diesel,2024-09-19
352,31692825,9,15000.0,27,diesel,2024-09-19
353,59301367,9,6000.0,15,gas,2024-09-19
354,38811305,7,15000.0,25,diesel,2024-09-19
355,26210303,9,20000.0,24,diesel,2024-09-19
356,17692634,10,10000.0,19,gas,2024-09-19
357,10946672,11,20000.0,29,diesel,2024-09-19
358,23110145,10,6000.0,24,diesel,2024-09-19
359,63036432,11,6000.0,24,diesel,2024-09-19
360,25951646,10,3000.0,20,gas,2024-09-19
361,11911595,11,4000.0,20,diesel,2024-09-19
362,12602955,10,3000.0,26,diesel,2024-09-19
363,10491120,10,15000.0,21,gas,2024-09-19
364,32501985,13,3000.0,28,diesel,2024-09-19
365,88372671,10,3000.0,18,gas,2024-09-19
366,12323896,11,15000.0,19,gas,2024-09-19
367,11996989,13,3000.0,25,diesel,2024-09-19
368,10140178,12,3000.0,23,diesel,2024-09-19
370,11275725,9,3000.0,25,diesel,2024-09-19
371,18895478,9,10000.0,23,diesel,2024-09-19
372,22305237,10,3000.0,24,diesel,2024-09-19
373,27261804,5,4000.0,18,gas,2024-09-19
374,71734543,7,10000.0,25,diesel,2024-09-19
375,17142878,10,3000.0,20,gas,2024-09-19
376,84718593,9,10000.0,20,gas,2024-09-19
377,97021490,13,6000.0,21,diesel,2024-09-19
378,12240406,12,3000.0,25,diesel,2024-09-19
379,18591984,9,6000.0,16,gas,2024-09-19
380,84769150,8,15000.0,16,gas,2024-09-19
381,27887726,10,15000.0,21,gas,2024-09-19
382,23679896,7,3000.0,25,diesel,2024-09-19
383,18148503,10,4000.0,16,gas,2024-09-19
385,78564988,11,3000.0,24,diesel,2024-09-19
386,15673353,11,3000.0,17,gas,2024-09-19
388,18663378,11,6000.0,25,diesel,2024-09-19
389,57783233,10,10000.0,14,gas,2024-09-19
390,67789320,13,15000.0,24,diesel,2024-09-19
391,98891327,10,3000.0,28,diesel,2024-09-19
393,14840940,9,4000.0,22,diesel,2024-09-19
394,29839726,10,20000.0,16,gas,2024-09-19
396,24236441,12,6000.0,16,gas,2024-09-19
397,31937037,15,15000.0,24,diesel,2024-09-19
398,24859831,10,4000.0,22,diesel,2024-09-19
399,83958550,10,3000.0,24,diesel,2024-09-19
400,33788665,7,10000.0,25,diesel,2024-09-19
401,66265520,12,10000.0,16,gas,2024-09-19
402,76092602,12,15000.0,18,gas,2024-09-19
403,27624262,9,10000.0,23,diesel,2024-09-19
404,30458082,8,6000.0,17,gas,2024-09-19
405,20409026,8,4000.0,22,diesel,2024-09-19
406,32554054,11,15000.0,16,gas,2024-09-19
407,16959470,9,3000.0,22,diesel,2024-09-19
408,26946012,10,6000.0,26,diesel,2024-09-19
409,39847672,14,6000.0,16,gas,2024-09-19
410,25800303,9,6000.0,20,gas,2024-09-19
411,13805911,11,15000.0,19,diesel,2024-09-19
412,31454477,8,10000.0,21,diesel,2024-09-19
413,20792581,10,15000.0,23,diesel,2024-09-19
414,71137292,7,15000.0,17,gas,2024-09-19
415,22786362,12,6000.0,22,diesel,2024-09-19
416,31003220,9,15000.0,24,diesel,2024-09-19
417,91771941,7,15000.0,24,diesel,2024-09-19
418,15081964,9,3000.0,16,gas,2024-09-19
419,29121693,8,10000.0,24,diesel,2024-09-19
420,28775989,11,15000.0,27,diesel,2024-09-19
421,12911518,9,6000.0,25,diesel,2024-09-19
422,33107659,13,3000.0,17,gas,2024-09-19
423,13524164,10,10000.0,25,diesel,2024-09-19
424,21784492,11,6000.0,25,diesel,2024-09-19
425,14232365,10,6000.0,21,diesel,2024-09-19
426,44897730,11,10000.0,24,diesel,2024-09-19
427,10822881,12,15000.0,18,gas,2024-09-19
428,12642421,10,3000.0,25,diesel,2024-09-19
429,27775623,10,6000.0,13,gas,2024-09-19
430,28973978,8,3000.0,26,diesel,2024-09-19
431,22458296,6,6000.0,17,gas,2024-09-19
432,33867840,8,4000.0,24,diesel,2024-09-19
433,18678032,9,15000.0,22,diesel,2024-09-19
434,69417303,9,6000.0,24,diesel,2024-09-19
435,25385693,12,15000.0,23,diesel,2024-09-19
436,15771794,8,15000.0,19,gas,2024-09-19
437,11370323,8,4000.0,23,diesel,2024-09-19
438,13792231,10,20000.0,24,diesel,2024-09-19
439,73474297,12,10000.0,18,gas,2024-09-19
440,26367553,5,15000.0,19,gas,2024-09-19
441,21071765,11,20000.0,18,gas,2024-09-19
442,28006103,9,6000.0,21,diesel,2024-09-19
443,25160188,6,10000.0,17,gas,2024-09-19
444,19445339,7,10000.0,19,gas,2024-09-19
445,98191873,7,15000.0,19,gas,2024-09-19
446,62119001,9,20000.0,25,diesel,2024-09-19
448,19167358,8,15000.0,23,diesel,2024-09-19
449,19695271,13,3000.0,24,diesel,2024-09-19
450,32516697,11,4000.0,28,diesel,2024-09-19
451,22376424,7,6000.0,12,gas,2024-09-19
452,53279386,10,3000.0,18,gas,2024-09-19
453,30423832,9,4000.0,21,diesel,2024-09-19
454,24136996,11,10000.0,17,gas,2024-09-19
455,21539260,11,4000.0,20,diesel,2024-09-19
456,32772853,8,10000.0,25,diesel,2024-09-19
457,13068930,11,3000.0,22,diesel,2024-09-19
458,14223048,12,3000.0,23,diesel,2024-09-19
460,33994055,11,6000.0,16,gas,2024-09-19
461,29299682,12,15000.0,16,gas,2024-09-19
462,27188149,7,3000.0,23,diesel,2024-09-19
463,64144761,10,10000.0,25,diesel,2024-09-19
464,10363832,11,20000.0,26,diesel,2024-09-19
465,22695998,9,20000.0,16,gas,2024-09-19
466,75452905,9,4000.0,16,gas,2024-09-19
467,14698380,11,3000.0,19,gas,2024-09-19
468,48116553,11,6000.0,25,diesel,2024-09-19
469,12156651,11,15000.0,19,gas,2024-09-19
471,13531857,7,15000.0,17,gas,2024-09-19
472,20067958,11,3000.0,19,gas,2024-09-19
473,11098873,11,15000.0,20,gas,2024-09-19
474,15371035,8,15000.0,24,diesel,2024-09-19
475,12933975,9,20000.0,25,diesel,2024-09-19
476,23562847,7,4000.0,18,gas,2024-09-19
477,22126955,11,15000.0,23,diesel,2024-09-19
479,23471751,10,15000.0,16,gas,2024-09-19
480,89203390,12,6000.0,17,gas,2024-09-19
481,11548897,13,15000.0,24,diesel,2024-09-19
482,68963717,10,10000.0,24,diesel,2024-09-19
483,33710423,6,3000.0,22,diesel,2024-09-19
484,32206692,9,3000.0,21,diesel,2024-09-19
485,30203269,10,3000.0,22,diesel,2024-09-19
486,42092993,9,6000.0,18,gas,2024-09-19
487,14058250,13,4000.0,23,diesel,2024-09-19
488,29569473,9,3000.0,18,gas,2024-09-19
489,48415653,11,10000.0,21,diesel,2024-09-19
490,24141016,12,15000.0,25,diesel,2024-09-19
491,31807145,12,3000.0,15,gas,2024-09-19
492,20058612,10,3000.0,24,diesel,2024-09-19
493,17407709,13,15000.0,18,gas,2024-09-19
494,33677790,11,3000.0,24,diesel,2024-09-19
496,32778747,7,4000.0,22,diesel,2024-09-19
497,20958889,8,3000.0,25,diesel,2024-09-19
498,41638642,10,4000.0,18,gas,2024-09-19
499,72777903,12,3000.0,28,diesel,2024-09-19
500,16965717,8,3000.0,20,gas,2024-09-19
501,30302867,10,3000.0,24,diesel,2024-09-19
502,26923239,9,3000.0,23,diesel,2024-09-19
504,10248113,12,3000.0,25,diesel,2024-09-19
505,31642729,8,6000.0,27,diesel,2024-09-19
506,28085803,10,3000.0,13,gas,2024-09-19
507,23736018,9,15000.0,24,diesel,2024-09-19
508,19980822,9,10000.0,16,gas,2024-09-19
510,15821176,9,6000.0,26,diesel,2024-09-19
511,33171837,10,6000.0,16,gas,2024-09-19
512,86730900,8,15000.0,23,diesel,2024-09-19
513,89718833,8,20000.0,22,diesel,2024-09-19
514,29965111,7,3000.0,23,diesel,2024-09-19
515,23496767,10,4000.0,24,diesel,2024-09-19
516,30822651,9,4000.0,18,gas,2024-09-19
517,82942283,8,15000.0,16,gas,2024-09-19
518,14625993,10,4000.0,16,gas,2024-09-19
519,10042923,7,15000.0,18,gas,2024-09-19
520,90225505,10,6000.0,15,gas,2024-09-19
521,74499001,12,15000.0,21,gas,2024-09-19
522,33972412,10,3000.0,24,diesel,2024-09-19
524,11248098,6,4000.0,23,diesel,2024-09-19
525,10489983,9,10000.0,13,gas,2024-09-19
526,12823463,9,15000.0,24,diesel,2024-09-19
527,21597980,6,4000.0,24,diesel,2024-09-19
528,26114011,7,4000.0,22,diesel,2024-09-19
529,11257008,8,10000.0,21,gas,2024-09-19
530,12137340,8,15000.0,26,diesel,2024-09-19
531,17386890,13,4000.0,20,gas,2024-09-19
532,15302925,7,6000.0,21,diesel,2024-09-19
534,14316933,11,15000.0,14,gas,2024-09-19
535,42486624,11,6000.0,23,diesel,2024-09-19
536,68645374,8,6000.0,16,gas,2024-09-19
537,26142889,12,10000.0,18,gas,2024-09-19
538,22811669,12,4000.0,16,gas,2024-09-19
539,29780011,15,4000.0,19,gas,2024-09-19
540,49158022,7,20000.0,21,diesel,2024-09-19
541,22171671,8,20000.0,25,diesel,2024-09-19
542,25301979,7,6000.0,23,diesel,2024-09-19
543,16550307,11,4000.0,22,diesel,2024-09-19
544,27061072,4,4000.0,17,gas,2024-09-19
545,21531217,6,15000.0,19,gas,2024-09-19
546,31534922,9,10000.0,24,diesel,2024-09-19
547,18489180,4,15000.0,20,gas,2024-09-19
548,47488840,10,4000.0,15,gas,2024-09-19
549,74054998,8,3000.0,16,gas,2024-09-19
550,23138031,6,6000.0,16,gas,2024-09-19
551,18611501,11,3000.0,14,gas,2024-09-19
552,15567425,7,15000.0,21,diesel,2024-09-19
553,10990009,10,4000.0,16,gas,2024-09-19
554,31120899,9,3000.0,20,diesel,2024-09-19
555,10962127,13,3000.0,21,diesel,2024-09-19
556,87511111,11,3000.0,22,diesel,2024-09-19
557,29613698,7,20000.0,24,diesel,2024-09-19
558,47024382,8,6000.0,21,diesel,2024-09-19
559,18463805,6,10000.0,18,gas,2024-09-19
560,31874571,8,3000.0,23,diesel,2024-09-19
561,21162393,8,10000.0,16,gas,2024-09-19
562,19970766,11,3000.0,21,diesel,2024-09-19
563,24806622,11,20000.0,29,diesel,2024-09-19
564,79515526,9,6000.0,19,gas,2024-09-19
565,23244180,10,20000.0,20,diesel,2024-09-19
566,20339561,9,6000.0,22,diesel,2024-09-19
567,31028955,7,6000.0,25,diesel,2024-09-19
568,20260455,11,3000.0,17,gas,2024-09-19
569,60567423,9,10000.0,19,gas,2024-09-19
570,44329842,8,4000.0,25,diesel,2024-09-19
571,86779795,13,4000.0,24,diesel,2024-09-19
572,59856374,7,15000.0,21,diesel,2024-09-19
573,24763016,10,6000.0,18,gas,2024-09-19
574,18945021,7,3000.0,22,diesel,2024-09-19
575,89718106,10,4000.0,22,diesel,2024-09-19
577,29077811,9,15000.0,27,diesel,2024-09-19
578,28161729,9,3000.0,23,gas,2024-09-19
579,30312694,9,3000.0,23,diesel,2024-09-19
580,12526607,8,4000.0,20,diesel,2024-09-19
581,10784487,8,15000.0,18,gas,2024-09-19
582,24681381,11,15000.0,23,diesel,2024-09-19
583,28524845,7,3000.0,26,diesel,2024-09-19
584,30137411,9,10000.0,15,gas,2024-09-19
585,19194234,7,20000.0,21,diesel,2024-09-19
586,25976643,7,4000.0,16,gas,2024-09-19
587,12814755,8,15000.0,25,diesel,2024-09-19
588,31297189,11,3000.0,20,gas,2024-09-19
590,16311717,8,3000.0,24,diesel,2024-09-19
591,21569652,11,20000.0,22,diesel,2024-09-19
592,26292563,8,10000.0,17,gas,2024-09-19
593,22554932,9,20000.0,15,gas,2024-09-19
594,25536738,11,4000.0,17,gas,2024-09-19
595,23309143,7,6000.0,27,diesel,2024-09-19
596,33516218,11,10000.0,17,gas,2024-09-19
597,27121057,8,6000.0,15,gas,2024-09-19
598,14841519,13,3000.0,17,gas,2024-09-19
599,79540804,10,3000.0,24,diesel,2024-09-19
600,16654459,9,4000.0,19,gas,2024-09-19
601,40030230,9,20000.0,20,gas,2024-09-19
602,57362582,9,6000.0,21,diesel,2024-09-19
603,31057971,6,10000.0,28,diesel,2024-09-19
605,81492294,11,4000.0,20,diesel,2024-09-19
606,94792980,6,15000.0,21,diesel,2024-09-19
607,32628678,9,6000.0,26,diesel,2024-09-19
608,29956808,8,6000.0,27,diesel,2024-09-19
609,18180423,12,10000.0,24,diesel,2024-09-19
610,25155294,9,15000.0,28,diesel,2024-09-19
611,31139762,5,20000.0,17,gas,2024-09-19
612,12492275,9,3000.0,18,gas,2024-09-19
613,22809517,13,10000.0,22,diesel,2024-09-19
614,31770381,11,4000.0,17,gas,2024-09-19
615,14310127,11,4000.0,23,diesel,2024-09-19
616,11699550,13,6000.0,22,diesel,2024-09-19
618,32599168,9,10000.0,18,gas,2024-09-19
619,54123965,10,15000.0,16,gas,2024-09-19
620,29596705,10,15000.0,17,gas,2024-09-19
621,57599938,10,3000.0,26,diesel,2024-09-19
623,18318087,13,15000.0,17,gas,2024-09-19
624,18443612,12,4000.0,24,diesel,2024-09-19
626,13727292,10,3000.0,22,gas,2024-09-19
627,68559076,7,6000.0,28,diesel,2024-09-19
628,55617675,10,3000.0,18,gas,2024-09-19
629,23007785,8,3000.0,19,gas,2024-09-19
630,33834430,12,3000.0,15,gas,2024-09-19
631,29401560,8,3000.0,17,gas,2024-09-19
632,10635114,5,15000.0,14,gas,2024-09-19
633,22182749,9,10000.0,20,gas,2024-09-19
634,24216205,9,3000.0,21,diesel,2024-09-19
635,25377824,9,3000.0,17,gas,2024-09-19
636,14073923,9,15000.0,19,gas,2024-09-19
637,27609059,14,20000.0,22,diesel,2024-09-19
638,33585946,8,4000.0,23,diesel,2024-09-19
639,32274242,9,15000.0,22,diesel,2024-09-19
640,21098319,9,6000.0,26,diesel,2024-09-19
641,81187112,12,3000.0,23,diesel,2024-09-19
642,33420545,12,6000.0,14,gas,2024-09-19
644,49603540,9,3000.0,19,gas,2024-09-19
645,29624480,8,6000.0,17,gas,2024-09-19
646,14882723,10,15000.0,13,gas,2024-09-19
647,93428273,9,20000.0,18,gas,2024-09-19
648,24628550,7,3000.0,26,diesel,2024-09-19
649,29066789,5,3000.0,24,diesel,2024-09-19
650,28295338,12,10000.0,22,diesel,2024-09-19
651,13831242,12,10000.0,19,gas,2024-09-19
652,25050875,8,3000.0,22,diesel,2024-09-19
653,28817628,8,20000.0,22,diesel,2024-09-19
654,19924593,11,3000.0,15,gas,2024-09-19
655,25117738,9,15000.0,16,gas,2024-09-19
656,20252337,9,10000.0,24,diesel,2024-09-19
657,17387364,9,4000.0,27,diesel,2024-09-19
658,11564121,12,4000.0,19,gas,2024-09-19
659,44799976,12,10000.0,26,diesel,2024-09-19
660,11316377,9,15000.0,19,gas,2024-09-19
661,95480943,8,6000.0,15,gas,2024-09-19
662,13322827,11,3000.0,23,diesel,2024-09-19
663,22443942,14,10000.0,17,gas,2024-09-19
664,32864710,12,4000.0,20,diesel,2024-09-19
666,10180743,11,6000.0,26,diesel,2024-09-19
668,21125310,6,4000.0,23,diesel,2024-09-19
669,40423910,8,4000.0,28,diesel,2024-09-19
670,60913739,11,4000.0,15,gas,2024-09-19
671,19220150,7,20000.0,20,gas,2024-09-19
672,23622109,8,10000.0,26,diesel,2024-09-19
673,66683794,5,15000.0,24,diesel,2024-09-19
674,17884689,7,6000.0,28,diesel,2024-09-19
675,31766919,7,15000.0,17,gas,2024-09-19
676,58866984,11,6000.0,27,diesel,2024-09-19
677,25315839,10,6000.0,17,gas,2024-09-19
679,26749209,11,3000.0,21,gas,2024-09-19
680,16497961,12,6000.0,17,gas,2024-09-19
681,31807947,8,3000.0,22,diesel,2024-09-19
682,54036321,10,15000.0,24,diesel,2024-09-19
683,32865089,13,4000.0,16,gas,2024-09-19
684,65974657,8,6000.0,26,diesel,2024-09-19
685,20482407,7,4000.0,25,diesel,2024-09-19
686,11942046,6,4000.0,16,gas,2024-09-19
687,28581832,7,10000.0,23,diesel,2024-09-19
688,12283835,10,15000.0,16,gas,2024-09-19
689,30434751,8,6000.0,25,diesel,2024-09-19
690,28760660,11,15000.0,21,diesel,2024-09-19
692,24882999,9,15000.0,24,diesel,2024-09-19
693,13246528,10,3000.0,22,diesel,2024-09-19
694,32053728,9,10000.0,22,diesel,2024-09-19
695,88819781,8,15000.0,19,gas,2024-09-19
696,94934565,11,4000.0,18,gas,2024-09-19
697,33326175,7,10000.0,25,diesel,2024-09-19
700,13260637,11,4000.0,24,diesel,2024-09-19
701,17277291,11,3000.0,22,diesel,2024-09-19
702,47199758,9,3000.0,23,diesel,2024-09-19
703,19301208,11,3000.0,17,gas,2024-09-19
704,17017247,10,20000.0,22,diesel,2024-09-19
705,26803776,7,3000.0,15,gas,2024-09-19
706,94574989,9,6000.0,25,diesel,2024-09-19
707,28188509,10,6000.0,25,diesel,2024-09-19
708,25704375,9,20000.0,22,diesel,2024-09-19
709,29432775,10,20000.0,17,gas,2024-09-19
710,91982850,11,4000.0,17,gas,2024-09-19
711,43523687,12,3000.0,18,gas,2024-09-19
712,37595820,10,15000.0,18,gas,2024-09-19
713,13999746,13,15000.0,19,gas,2024-09-19
714,29843883,10,3000.0,22,diesel,2024-09-19
715,25618223,10,10000.0,19,gas,2024-09-19
716,28971650,8,4000.0,16,gas,2024-09-19
717,58546151,12,6000.0,24,diesel,2024-09-19
718,20661206,9,15000.0,27,diesel,2024-09-19
719,11845171,12,10000.0,16,gas,2024-09-19
720,83770030,6,4000.0,11,gas,2024-09-19
721,31293981,7,4000.0,17,gas,2024-09-19
722,33391952,7,6000.0,23,diesel,2024-09-19
723,30142509,15,4000.0,17,gas,2024-09-19
724,78735626,13,15000.0,19,gas,2024-09-19
725,13193058,12,4000.0,22,diesel,2024-09-19
726,30723415,8,4000.0,18,gas,2024-09-19
727,21032614,11,10000.0,19,gas,2024-09-19
728,17945973,11,4000.0,19,gas,2024-09-19
729,21705793,14,3000.0,22,diesel,2024-09-19
730,13641354,8,15000.0,26,diesel,2024-09-19
731,30390425,9,6000.0,17,gas,2024-09-19
732,13196565,11,3000.0,22,diesel,2024-09-19
733,16246545,10,4000.0,18,gas,2024-09-19
734,32388815,9,15000.0,21,diesel,2024-09-19
735,22007337,12,10000.0,24,diesel,2024-09-19
736,29884530,9,4000.0,17,gas,2024-09-19
738,98052326,10,6000.0,27,diesel,2024-09-19
739,11835599,10,4000.0,24,diesel,2024-09-19
740,45254942,9,3000.0,21,diesel,2024-09-19
741,28866540,11,3000.0,24,gas,2024-09-19
742,52804295,11,10000.0,14,gas,2024-09-19
743,25853258,8,3000.0,22,diesel,2024-09-19
744,63170233,7,4000.0,22,diesel,2024-09-19
745,20539252,8,3000.0,24,diesel,2024-09-19
747,13701678,13,3000.0,27,diesel,2024-09-19
748,29336991,9,3000.0,16,gas,2024-09-19
749,32557240,11,4000.0,24,diesel,2024-09-19
750,26346569,9,3000.0,24,diesel,2024-09-19
751,14433691,7,3000.0,16,gas,2024-09-19
752,17496529,12,3000.0,23,diesel,2024-09-19
754,20283153,8,10000.0,17,gas,2024-09-19
755,29284580,9,4000.0,16,gas,2024-09-19
756,26760108,8,10000.0,14,gas,2024-09-19
757,30898353,6,15000.0,26,diesel,2024-09-19
758,18493697,10,4000.0,26,diesel,2024-09-19
759,57580910,10,6000.0,17,gas,2024-09-19
760,32111802,9,6000.0,17,gas,2024-09-19
761,14969134,8,10000.0,26,diesel,2024-09-19
762,24322464,12,15000.0,25,diesel,2024-09-19
763,19945346,9,15000.0,23,diesel,2024-09-19
764,13883923,5,15000.0,23,diesel,2024-09-19
765,82081587,11,15000.0,24,diesel,2024-09-19
766,18204175,7,20000.0,17,gas,2024-09-19
767,27063055,12,15000.0,24,diesel,2024-09-19
768,88461049,7,6000.0,21,diesel,2024-09-19
769,66822391,11,6000.0,12,gas,2024-09-19
770,15436397,8,10000.0,23,diesel,2024-09-19
771,20205682,8,3000.0,24,diesel,2024-09-19
772,85416403,11,6000.0,16,gas,2024-09-19
774,26225733,10,3000.0,21,diesel,2024-09-19
775,20698203,11,4000.0,16,gas,2024-09-19
776,19424012,11,6000.0,17,gas,2024-09-19
777,13734459,6,15000.0,21,diesel,2024-09-19
778,32156165,10,3000.0,17,gas,2024-09-19
779,24670198,9,3000.0,18,gas,2024-09-19
780,69327588,10,3000.0,22,diesel,2024-09-19
781,13006940,11,15000.0,23,diesel,2024-09-19
782,81068169,11,15000.0,23,diesel,2024-09-19
783,28450066,10,3000.0,22,gas,2024-09-19
784,47398395,12,4000.0,22,diesel,2024-09-19
785,24624497,11,4000.0,18,gas,2024-09-19
786,33892826,9,3000.0,17,gas,2024-09-19
787,33145456,10,4000.0,24,diesel,2024-09-19
788,16613236,6,15000.0,18,gas,2024-09-19
789,25463189,9,15000.0,19,gas,2024-09-19
790,18447837,9,6000.0,19,gas,2024-09-19
791,30619790,11,20000.0,19,gas,2024-09-19
792,11663552,7,3000.0,24,diesel,2024-09-19
793,17984100,9,3000.0,24,diesel,2024-09-19
794,26411380,14,6000.0,23,diesel,2024-09-19
795,22422306,10,15000.0,23,diesel,2024-09-19
796,33573400,10,3000.0,17,gas,2024-09-19
797,82741473,10,6000.0,29,diesel,2024-09-19
798,24746768,15,6000.0,21,gas,2024-09-19
800,27743523,9,15000.0,22,diesel,2024-09-19
801,77040880,8,6000.0,20,diesel,2024-09-19
802,70128697,10,4000.0,23,diesel,2024-09-19
803,10299019,8,15000.0,17,gas,2024-09-19
805,10231357,10,10000.0,18,gas,2024-09-19
806,20194392,10,3000.0,21,gas,2024-09-19
807,30548837,11,3000.0,26,diesel,2024-09-19
808,33748476,12,3000.0,19,gas,2024-09-19
809,26767469,6,10000.0,16,gas,2024-09-19
810,21097795,12,20000.0,18,gas,2024-09-19
811,12211361,8,10000.0,23,diesel,2024-09-19
812,17787573,7,15000.0,25,diesel,2024-09-19
813,16368426,8,15000.0,16,gas,2024-09-19
816,10929164,10,3000.0,26,diesel,2024-09-19
817,34012654,12,20000.0,26,diesel,2024-09-19
818,19790058,9,3000.0,16,gas,2024-09-19
819,66668483,9,6000.0,21,gas,2024-09-19
820,18721262,12,15000.0,22,diesel,2024-09-19
821,25691185,8,10000.0,27,diesel,2024-09-19
822,11850429,9,10000.0,27,diesel,2024-09-19
823,71897727,9,6000.0,19,gas,2024-09-19
824,33582463,9,6000.0,15,gas,2024-09-19
825,24445769,14,6000.0,22,diesel,2024-09-19
826,18899925,10,3000.0,24,diesel,2024-09-19
827,38275836,11,10000.0,17,gas,2024-09-19
828,26852960,10,3000.0,19,gas,2024-09-19
830,96337481,10,6000.0,25,diesel,2024-09-19
831,14109119,13,4000.0,26,diesel,2024-09-19
832,31870298,9,20000.0,19,gas,2024-09-19
833,18884690,12,6000.0,19,gas,2024-09-19
834,32304949,11,10000.0,19,gas,2024-09-19
835,31833859,6,10000.0,18,gas,2024-09-19
836,22192218,9,15000.0,20,gas,2024-09-19
837,26393061,11,4000.0,24,diesel,2024-09-19
838,28754860,12,10000.0,25,diesel,2024-09-19
839,20523896,11,6000.0,23,diesel,2024-09-19
840,13426754,9,4000.0,21,diesel,2024-09-19
841,32064593,12,10000.0,17,gas,2024-09-19
842,32464396,10,3000.0,19,gas,2024-09-19
843,21597433,10,20000.0,22,diesel,2024-09-19
844,17779800,11,4000.0,24,diesel,2024-09-19
845,92322431,10,6000.0,23,diesel,2024-09-19
846,21983131,12,10000.0,22,diesel,2024-09-19
847,55576857,8,3000.0,23,diesel,2024-09-19
848,25470787,10,3000.0,16,gas,2024-09-19
849,21016823,7,15000.0,26,diesel,2024-09-19
850,26730938,11,4000.0,24,diesel,2024-09-19
851,11321137,10,3000.0,19,gas,2024-09-19
852,13363106,9,20000.0,19,gas,2024-09-19
853,16134175,9,15000.0,20,diesel,2024-09-19
854,25812199,10,6000.0,24,diesel,2024-09-19
855,43629979,9,3000.0,20,gas,2024-09-19
856,42300252,5,10000.0,23,diesel,2024-09-19
857,24654257,9,15000.0,25,diesel,2024-09-19
858,99485464,8,3000.0,19,gas,2024-09-19
860,30856611,6,4000.0,24,diesel,2024-09-19
861,62332459,9,10000.0,15,gas,2024-09-19
862,31978001,8,3000.0,27,diesel,2024-09-19
863,30769301,15,15000.0,25,diesel,2024-09-19
864,35547382,10,3000.0,21,gas,2024-09-19
865,19761644,6,3000.0,25,diesel,2024-09-19
866,18091756,9,4000.0,18,gas,2024-09-19
867,67906530,11,6000.0,22,diesel,2024-09-19
868,13990522,11,20000.0,22,diesel,2024-09-19
869,99664405,8,3000.0,22,diesel,2024-09-19
870,24891855,8,10000.0,26,diesel,2024-09-19
871,56671924,9,3000.0,22,diesel,2024-09-19
872,30440990,8,6000.0,25,diesel,2024-09-19
873,25375598,12,15000.0,24,diesel,2024-09-19
874,19202933,12,4000.0,24,diesel,2024-09-19
875,22469662,7,3000.0,24,diesel,2024-09-19
876,10497416,11,4000.0,19,gas,2024-09-19
877,29089862,7,6000.0,18,gas,2024-09-19
878,16027229,11,3000.0,24,diesel,2024-09-19
880,14941602,10,3000.0,24,diesel,2024-09-19
881,30492373,11,10000.0,14,gas,2024-09-19
882,87309070,9,6000.0,18,gas,2024-09-19
883,29292035,9,6000.0,24,diesel,2024-09-19
884,18307948,13,4000.0,13,gas,2024-09-19
885,20946964,10,3000.0,16,gas,2024-09-19
886,17974775,9,20000.0,19,gas,2024-09-19
887,22916520,10,15000.0,22,diesel,2024-09-19
888,33548280,7,20000.0,13,gas,2024-09-19
889,30947024,12,3000.0,13,gas,2024-09-19
890,18234899,10,4000.0,24,diesel,2024-09-19
891,18924069,9,15000.0,21,diesel,2024-09-19
892,22596717,9,15000.0,17,gas,2024-09-19
893,18950712,7,15000.0,22,gas,2024-09-19
894,49456947,9,6000.0,19,gas,2024-09-19
895,46065982,8,6000.0,17,gas,2024-09-19
896,23900894,10,4000.0,15,gas,2024-09-19
897,83681090,12,6000.0,24,diesel,2024-09-19
898,11402175,9,15000.0,27,diesel,2024-09-19
899,29753755,10,4000.0,22,diesel,2024-09-19
900,69963510,11,15000.0,24,diesel,2024-09-19
901,30237242,10,6000.0,13,gas,2024-09-19
902,21659663,9,3000.0,25,diesel,2024-09-19
903,67390548,9,3000.0,24,diesel,2024-09-19
904,27831338,7,6000.0,25,diesel,2024-09-19
905,17591502,11,10000.0,25,diesel,2024-09-19
906,10273980,11,4000.0,24,diesel,2024-09-19
907,12719244,13,4000.0,20,gas,2024-09-19
908,19747191,10,10000.0,25,diesel,2024-09-19
909,14419513,11,4000.0,25,diesel,2024-09-19
910,27840680,12,15000.0,18,gas,2024-09-19
911,29498159,8,10000.0,24,diesel,2024-09-19
912,25434518,9,3000.0,22,gas,2024-09-19
913,24578714,10,3000.0,23,diesel,2024-09-19
914,33500681,8,15000.0,23,diesel,2024-09-19
915,23727577,9,10000.0,20,gas,2024-09-19
916,28327909,10,10000.0,25,diesel,2024-09-19
917,10906516,9,20000.0,27,diesel,2024-09-19
918,18628134,9,15000.0,25,diesel,2024-09-19
919,16291318,9,6000.0,12,gas,2024-09-19
920,10008392,7,10000.0,23,diesel,2024-09-19
921,63052683,7,6000.0,16,gas,2024-09-19
922,50009989,14,15000.0,17,gas,2024-09-19
923,83616092,14,15000.0,21,diesel,2024-09-19
924,64713507,8,3000.0,19,gas,2024-09-19
925,96961596,7,15000.0,18,gas,2024-09-19
926,20585832,9,15000.0,16,gas,2024-09-19
927,24306620,8,6000.0,24,diesel,2024-09-19
928,48204624,11,4000.0,16,gas,2024-09-19
929,13569760,14,15000.0,15,gas,2024-09-19
931,98257298,6,3000.0,14,gas,2024-09-19
932,26486771,9,3000.0,24,diesel,2024-09-19
933,29607288,8,3000.0,18,gas,2024-09-19
934,11095479,11,15000.0,21,diesel,2024-09-19
935,18463455,6,20000.0,24,diesel,2024-09-19
936,16430282,11,3000.0,16,gas,2024-09-19
937,10187667,11,15000.0,15,gas,2024-09-19
938,62808369,10,15000.0,18,gas,2024-09-19
939,38689999,10,3000.0,17,gas,2024-09-19
940,64897634,10,3000.0,23,diesel,2024-09-19
941,13193143,6,10000.0,20,gas,2024-09-19
942,16301082,11,20000.0,26,diesel,2024-09-19
944,32628685,11,15000.0,18,gas,2024-09-19
945,29017409,6,6000.0,24,diesel,2024-09-19
946,69638306,11,15000.0,20,diesel,2024-09-19
947,29283906,10,3000.0,19,gas,2024-09-19
948,13825067,9,20000.0,28,diesel,2024-09-19
949,31472253,10,4000.0,17,gas,2024-09-19
950,13227936,10,4000.0,24,diesel,2024-09-19
951,31664257,12,4000.0,24,diesel,2024-09-19
952,10869458,12,15000.0,18,gas,2024-09-19
953,23901462,12,3000.0,24,diesel,2024-09-19
956,11362951,14,6000.0,15,gas,2024-09-19
957,26207692,9,3000.0,21,diesel,2024-09-19
958,74647097,11,4000.0,16,gas,2024-09-19
959,76939443,10,20000.0,23,diesel,2024-09-19
960,17287024,12,15000.0,17,gas,2024-09-19
961,21936724,15,4000.0,20,diesel,2024-09-19
963,16154327,10,6000.0,24,diesel,2024-09-19
964,16974912,9,3000.0,25,diesel,2024-09-19
965,73084601,12,3000.0,16,gas,2024-09-19
966,29754543,8,4000.0,21,diesel,2024-09-19
967,50163414,8,15000.0,13,gas,2024-09-19
968,22377469,12,15000.0,16,gas,2024-09-19
969,53838896,8,15000.0,20,gas,2024-09-19
970,20996187,8,4000.0,28,diesel,2024-09-19
971,28136927,12,10000.0,16,gas,2024-09-19
972,15409985,10,15000.0,25,diesel,2024-09-19
973,95917365,8,4000.0,19,gas,2024-09-19
975,92186250,10,10000.0,17,gas,2024-09-19
976,21201884,12,10000.0,24,diesel,2024-09-19
977,74086764,11,4000.0,16,gas,2024-09-19
978,11486762,8,15000.0,17,gas,2024-09-19
979,51379229,7,10000.0,21,gas,2024-09-19
980,54866249,9,10000.0,18,gas,2024-09-19
981,16482316,11,3000.0,21,gas,2024-09-19
982,75875792,8,15000.0,19,gas,2024-09-19
983,45955099,7,3000.0,24,diesel,2024-09-19
984,10236020,14,20000.0,27,diesel,2024-09-19
985,24015925,10,15000.0,18,gas,2024-09-19
986,74796611,8,6000.0,18,gas,2024-09-19
987,14680861,10,4000.0,18,gas,2024-09-19
988,24467813,8,4000.0,24,diesel,2024-09-19
989,30111336,10,3000.0,16,gas,2024-09-19
991,60858923,8,4000.0,14,gas,2024-09-19
992,31463722,11,4000.0,25,diesel,2024-09-19
993,96621929,7,20000.0,17,gas,2024-09-19
994,35477069,10,3000.0,19,diesel,2024-09-19
995,31878880,11,3000.0,23,diesel,2024-09-19
996,11610010,14,3000.0,24,diesel,2024-09-19
998,23941587,9,6000.0,21,diesel,2024-09-19
999,99016854,13,15000.0,17,gas,2024-09-19
1000,34009707,9,4000.0,19,diesel,2024-09-19
1001,23939310,10,15000.0,22,diesel,2024-09-19
1002,16376219,12,15000.0,27,diesel,2024-09-19
1003,53651873,6,15000.0,15,gas,2024-09-19
1004,19190763,9,3000.0,21,diesel,2024-09-19
1005,15372000,7,4000.0,18,gas,2024-09-19
1006,10868310,11,4000.0,23,diesel,2024-09-19
1007,26486445,10,4000.0,18,gas,2024-09-19
1008,33976838,10,3000.0,26,diesel,2024-09-19
1009,22851295,11,10000.0,17,gas,2024-09-19
1010,30154214,9,20000.0,19,gas,2024-09-19
1011,25598499,10,4000.0,17,gas,2024-09-19
1012,44289374,9,6000.0,16,gas,2024-09-19
1013,41968183,12,15000.0,22,diesel,2024-09-19
1015,85129439,9,6000.0,19,gas,2024-09-19
1016,12246257,12,3000.0,24,gas,2024-09-19
1017,17922122,7,15000.0,19,gas,2024-09-19
1018,10960110,12,4000.0,19,gas,2024-09-19
1019,95011081,9,10000.0,18,gas,2024-09-19
1020,17709480,14,15000.0,20,gas,2024-09-19
1021,56036368,12,15000.0,15,gas,2024-09-19
1022,10379022,9,3000.0,15,gas,2024-09-19
1023,98608929,12,20000.0,26,diesel,2024-09-19
1025,19336784,11,3000.0,26,diesel,2024-09-19
1026,56162463,11,6000.0,27,diesel,2024-09-19
1027,23995242,9,15000.0,18,gas,2024-09-19
1028,56073339,15,3000.0,25,diesel,2024-09-19
1029,42958017,10,3000.0,21,diesel,2024-09-19
1030,17070888,9,4000.0,16,gas,2024-09-19
1031,12063845,9,20000.0,18,gas,2024-09-19
1032,20951755,5,3000.0,23,diesel,2024-09-19
1033,30083380,7,3000.0,22,diesel,2024-09-19
1034,14351038,10,3000.0,16,gas,2024-09-19
1035,75811218,9,3000.0,23,diesel,2024-09-19
1037,17898515,8,10000.0,16,gas,2024-09-19
1038,72508517,7,3000.0,18,gas,2024-09-19
1039,36435167,8,15000.0,22,gas,2024-09-19
1040,26126395,10,15000.0,28,diesel,2024-09-19
1041,59336459,10,4000.0,25,diesel,2024-09-19
1042,24932516,8,4000.0,23,diesel,2024-09-19
1043,22544092,7,20000.0,17,gas,2024-09-19
1044,16607545,10,15000.0,19,gas,2024-09-19
1045,20898520,10,3000.0,22,diesel,2024-09-19
1046,31038386,9,6000.0,20,gas,2024-09-19
1047,31815604,9,10000.0,18,gas,2024-09-19
1048,12166884,14,15000.0,19,gas,2024-09-19
1049,12857613,9,6000.0,22,diesel,2024-09-19
1050,84459899,11,3000.0,28,diesel,2024-09-19
1051,21634234,10,6000.0,17,gas,2024-09-19
1052,36527850,4,3000.0,26,diesel,2024-09-19
1053,29164114,11,15000.0,19,gas,2024-09-19
1054,89423614,9,3000.0,19,gas,2024-09-19
1055,16793343,10,15000.0,27,diesel,2024-09-19
1056,40564954,7,15000.0,26,diesel,2024-09-19
1057,29206938,9,20000.0,18,gas,2024-09-19
1058,28243295,9,6000.0,20,gas,2024-09-19
1059,13495355,8,15000.0,24,diesel,2024-09-19
1060,23946492,7,10000.0,24,diesel,2024-09-19
1061,32731637,10,6000.0,22,diesel,2024-09-19
1062,23286874,6,15000.0,20,diesel,2024-09-19
1063,37604602,11,10000.0,17,gas,2024-09-19
1064,10991097,13,10000.0,25,diesel,2024-09-19
1065,10056827,6,4000.0,25,diesel,2024-09-19
1066,60559337,9,6000.0,16,gas,2024-09-19
1067,31133482,9,4000.0,19,gas,2024-09-19
1068,28776587,12,3000.0,23,diesel,2024-09-19
1069,22231790,9,20000.0,27,diesel,2024-09-19
1070,17905159,7,10000.0,26,diesel,2024-09-19
1071,32252915,10,10000.0,25,diesel,2024-09-19
1073,78342290,10,3000.0,23,diesel,2024-09-19
1074,90120575,13,4000.0,21,diesel,2024-09-19
1075,16407705,11,3000.0,17,gas,2024-09-19
1076,31583570,13,15000.0,22,diesel,2024-09-19
1077,20828859,7,15000.0,24,diesel,2024-09-19
1078,13251015,10,4000.0,25,diesel,2024-09-19
1080,33570035,8,4000.0,23,diesel,2024-09-19
1081,18604747,8,3000.0,16,gas,2024-09-19
1082,32916983,10,3000.0,23,diesel,2024-09-19
1083,13422818,10,6000.0,23,diesel,2024-09-19
1084,31451827,10,15000.0,17,gas,2024-09-19
1085,24771733,13,15000.0,27,diesel,2024-09-19
1086,32555803,14,15000.0,22,gas,2024-09-19
1087,80360456,7,6000.0,25,diesel,2024-09-19
1088,16389693,14,15000.0,15,gas,2024-09-19
1089,29663176,11,4000.0,16,gas,2024-09-19
1090,15091061,8,15000.0,24,diesel,2024-09-19
1092,74678175,10,15000.0,17,gas,2024-09-19
1093,10714595,9,6000.0,23,diesel,2024-09-19
1094,27204262,12,15000.0,23,diesel,2024-09-19
1095,31057961,8,15000.0,24,diesel,2024-09-19
1096,96122275,9,4000.0,24,diesel,2024-09-19
1097,11500876,11,20000.0,25,diesel,2024-09-19
1098,13032213,11,3000.0,20,gas,2024-09-19
1099,13818055,10,6000.0,22,diesel,2024-09-19
1100,15253275,11,4000.0,17,gas,2024-09-19
1101,31823479,9,4000.0,22,diesel,2024-09-19
1102,12095369,8,15000.0,23,diesel,2024-09-19
1103,23633322,11,10000.0,24,diesel,2024-09-19
1104,30972126,10,15000.0,24,diesel,2024-09-19
1106,31051475,10,6000.0,17,gas,2024-09-19
1107,77665093,11,15000.0,23,diesel,2024-09-19
1108,64789793,9,3000.0,25,diesel,2024-09-19
1110,44352561,8,3000.0,24,diesel,2024-09-19
1111,18144529,8,3000.0,15,gas,2024-09-19
1112,18247041,11,15000.0,26,diesel,2024-09-19
1113,86291484,7,10000.0,19,diesel,2024-09-19
1114,31289643,6,15000.0,20,diesel,2024-09-19
1115,20559907,9,6000.0,28,diesel,2024-09-19
1116,12141617,10,3000.0,18,gas,2024-09-19
1117,13274951,8,10000.0,17,gas,2024-09-19
1118,18196993,8,15000.0,24,diesel,2024-09-19
1119,19360154,12,15000.0,20,diesel,2024-09-19
1120,12554904,11,10000.0,26,diesel,2024-09-19
1121,30101314,8,6000.0,18,gas,2024-09-19
1122,29667989,11,4000.0,15,gas,2024-09-19
1123,24268814,8,20000.0,16,gas,2024-09-19
1125,30002039,9,6000.0,23,diesel,2024-09-19
1126,20826347,8,10000.0,15,gas,2024-09-19
1127,28775810,14,10000.0,17,gas,2024-09-19
1128,25940992,11,10000.0,17,gas,2024-09-19
1129,24062736,10,10000.0,18,gas,2024-09-19
1130,27490665,6,3000.0,24,diesel,2024-09-19
1131,26822470,10,4000.0,26,diesel,2024-09-19
1132,20149429,7,4000.0,20,gas,2024-09-19
1133,29481033,9,15000.0,20,diesel,2024-09-19
1134,85102578,9,4000.0,26,diesel,2024-09-19
1135,22094647,8,20000.0,21,gas,2024-09-19
1136,20202019,10,4000.0,16,gas,2024-09-19
1137,15247179,12,6000.0,19,gas,2024-09-19
1138,23554931,9,20000.0,22,gas,2024-09-19
1139,18135510,10,3000.0,20,gas,2024-09-19
1140,26741519,9,6000.0,26,diesel,2024-09-19
1141,18084245,10,3000.0,25,diesel,2024-09-19
1142,39104873,7,10000.0,16,gas,2024-09-19
1143,18773058,10,3000.0,19,diesel,2024-09-19
1144,88492487,7,4000.0,25,diesel,2024-09-19
1145,23097077,12,4000.0,20,gas,2024-09-19
1146,15838682,10,10000.0,17,gas,2024-09-19
1147,23393825,8,20000.0,23,diesel,2024-09-19
1148,40343227,8,3000.0,23,diesel,2024-09-19
1149,21382275,12,15000.0,25,diesel,2024-09-19
1150,67332883,12,3000.0,22,diesel,2024-09-19
1151,65820129,11,4000.0,25,diesel,2024-09-19
1152,61165323,8,15000.0,24,diesel,2024-09-19
1153,16734265,9,10000.0,21,diesel,2024-09-19
1154,24616820,7,10000.0,23,diesel,2024-09-19
1156,21120933,11,15000.0,22,diesel,2024-09-19
1157,11848608,12,15000.0,15,gas,2024-09-19
1158,12975922,7,4000.0,25,diesel,2024-09-19
1159,27216192,7,10000.0,26,diesel,2024-09-19
1160,17343503,8,4000.0,23,diesel,2024-09-19
1161,61002733,8,10000.0,19,gas,2024-09-19
1162,25461065,10,3000.0,18,gas,2024-09-19
1163,25538488,8,10000.0,28,diesel,2024-09-19
1164,12036922,10,20000.0,21,gas,2024-09-19
1165,19606178,8,15000.0,23,diesel,2024-09-19
1166,26392203,6,3000.0,15,gas,2024-09-19
1167,15165874,8,15000.0,23,diesel,2024-09-19
1168,29238605,11,15000.0,26,diesel,2024-09-19
1169,11574692,7,6000.0,22,diesel,2024-09-19
1170,42839716,9,3000.0,19,gas,2024-09-19
1171,93764998,7,6000.0,23,diesel,2024-09-19
1172,35800377,8,3000.0,24,diesel,2024-09-19
1173,94412953,11,10000.0,26,diesel,2024-09-19
1174,30236733,12,6000.0,22,diesel,2024-09-19
1175,25681071,11,20000.0,24,diesel,2024-09-19
1176,68897712,9,15000.0,19,gas,2024-09-19
1177,15021460,8,4000.0,16,gas,2024-09-19
1178,15936314,13,6000.0,18,gas,2024-09-19
1179,86300040,11,15000.0,27,diesel,2024-09-19
1180,17455005,11,4000.0,23,diesel,2024-09-19
1181,30700835,12,3000.0,25,diesel,2024-09-19
1182,20539869,12,3000.0,24,diesel,2024-09-19
1183,31283392,9,4000.0,21,diesel,2024-09-19
1184,11688127,10,10000.0,19,diesel,2024-09-19
1185,21454082,7,6000.0,15,gas,2024-09-19
1186,32206460,7,3000.0,18,gas,2024-09-19
1187,29724606,8,3000.0,19,gas,2024-09-19
1188,16104031,10,15000.0,18,gas,2024-09-19
1189,91314732,10,3000.0,20,diesel,2024-09-19
1190,33267203,13,6000.0,21,diesel,2024-09-19
1191,42562600,10,15000.0,23,diesel,2024-09-19
1192,30549431,6,6000.0,16,gas,2024-09-19
1193,27199418,10,6000.0,13,gas,2024-09-19
1194,37803062,9,15000.0,17,gas,2024-09-19
1195,20839152,9,20000.0,23,diesel,2024-09-19
1196,18312744,6,15000.0,23,diesel,2024-09-19
1197,15483314,9,4000.0,20,diesel,2024-09-19
1198,19347105,8,15000.0,23,diesel,2024-09-19
1199,28855600,9,10000.0,23,diesel,2024-09-19
1200,47225350,10,15000.0,20,diesel,2024-09-19
1201,64799581,10,4000.0,25,diesel,2024-09-19
1202,27065412,10,4000.0,18,gas,2024-09-19
1203,29329730,10,10000.0,24,diesel,2024-09-19
1204,14488991,11,20000.0,20,gas,2024-09-19
1205,21171217,8,6000.0,20,gas,2024-09-19
1206,30282879,9,6000.0,23,diesel,2024-09-19
1207,15075117,11,15000.0,19,gas,2024-09-19
1208,30225264,11,6000.0,22,diesel,2024-09-19
1209,26385535,11,10000.0,18,diesel,2024-09-19
1210,26925205,10,10000.0,22,gas,2024-09-19
1212,29561686,9,10000.0,21,diesel,2024-09-19
1213,55437819,10,3000.0,27,diesel,2024-09-19
1214,33861922,4,10000.0,21,diesel,2024-09-19
1215,24958136,8,4000.0,24,diesel,2024-09-19
1216,26453679,10,10000.0,15,gas,2024-09-19
1217,12779172,10,3000.0,22,diesel,2024-09-19
1218,25666034,12,20000.0,25,diesel,2024-09-19
1219,11362115,5,10000.0,17,gas,2024-09-19
1220,27773699,7,15000.0,24,diesel,2024-09-19
1221,77925345,12,15000.0,22,diesel,2024-09-19
1222,16169592,7,3000.0,26,diesel,2024-09-19
1223,93814071,8,6000.0,22,diesel,2024-09-19
1224,26591744,10,3000.0,20,diesel,2024-09-19
1225,14952628,9,15000.0,25,diesel,2024-09-19
1226,32113154,11,3000.0,19,gas,2024-09-19
1227,10440136,9,6000.0,23,diesel,2024-09-19
1228,33464796,6,4000.0,25,diesel,2024-09-19
1229,12388956,11,20000.0,16,gas,2024-09-19
1230,20658808,13,15000.0,20,diesel,2024-09-19
1232,51113858,4,6000.0,24,diesel,2024-09-19
1233,33393849,11,10000.0,28,diesel,2024-09-19
1234,14758432,11,3000.0,21,diesel,2024-09-19
1236,89502718,7,15000.0,22,diesel,2024-09-19
1237,31228870,7,20000.0,19,gas,2024-09-19
1238,11614287,7,6000.0,18,gas,2024-09-19
1239,18391727,11,15000.0,25,diesel,2024-09-19
1240,19398597,5,15000.0,20,gas,2024-09-19
1241,11353496,6,10000.0,22,diesel,2024-09-19
1242,25006328,10,15000.0,26,diesel,2024-09-19
1243,70103840,7,4000.0,14,gas,2024-09-19
1244,11072962,7,15000.0,20,diesel,2024-09-19
1245,50611944,9,4000.0,25,diesel,2024-09-19
1246,24066661,14,4000.0,20,gas,2024-09-19
1247,12457021,9,15000.0,19,diesel,2024-09-19
1248,12652160,9,15000.0,17,gas,2024-09-19
1249,12382355,7,6000.0,17,gas,2024-09-19
1250,33873001,10,3000.0,17,gas,2024-09-19
1251,18580086,7,6000.0,24,diesel,2024-09-19
1253,19268982,9,3000.0,26,diesel,2024-09-19
1254,32405230,8,15000.0,18,gas,2024-09-19
1255,23067645,12,6000.0,16,gas,2024-09-19
1256,10233490,10,6000.0,15,gas,2024-09-19
1257,53488335,11,3000.0,22,diesel,2024-09-19
1258,18405928,10,6000.0,26,diesel,2024-09-19
1259,15735831,13,10000.0,24,diesel,2024-09-19
1260,30735187,9,3000.0,24,diesel,2024-09-19
1261,10750770,8,4000.0,28,diesel,2024-09-19
1262,21772476,14,15000.0,22,diesel,2024-09-19
1263,12090353,10,15000.0,20,diesel,2024-09-19
1264,24820380,9,6000.0,17,gas,2024-09-19
1265,17239634,10,3000.0,24,diesel,2024-09-19
1267,32789303,7,15000.0,17,gas,2024-09-19
1268,31047945,10,4000.0,28,diesel,2024-09-19
1269,55417825,5,15000.0,16,gas,2024-09-19
1270,11845291,10,10000.0,20,gas,2024-09-19
1271,31219400,8,15000.0,22,diesel,2024-09-19
1272,13279767,11,3000.0,24,diesel,2024-09-19
1273,31370619,10,15000.0,18,gas,2024-09-19
1274,25830987,11,15000.0,20,diesel,2024-09-19
1275,33602397,8,6000.0,23,diesel,2024-09-19
1277,23294840,10,4000.0,16,gas,2024-09-19
1278,13785777,13,6000.0,19,gas,2024-09-19
1279,23455732,9,15000.0,24,diesel,2024-09-19
1280,38275201,10,10000.0,16,gas,2024-09-19
1281,26630473,12,15000.0,13,gas,2024-09-19
1282,12586136,10,15000.0,22,diesel,2024-09-19
1283,25645784,11,15000.0,25,diesel,2024-09-19
1284,13772166,10,6000.0,23,diesel,2024-09-19
1285,22423873,12,15000.0,14,gas,2024-09-19
1286,19625218,11,6000.0,15,gas,2024-09-19
1287,17886411,6,10000.0,23,diesel,2024-09-19
1289,79196554,10,3000.0,19,gas,2024-09-19
1290,22242695,10,3000.0,17,gas,2024-09-19
1291,89462911,7,4000.0,24,diesel,2024-09-19
1292,20675169,9,10000.0,15,gas,2024-09-19
1293,15272377,7,15000.0,17,gas,2024-09-19
1294,90639626,6,3000.0,23,diesel,2024-09-19
1295,17792974,11,4000.0,22,diesel,2024-09-19
1296,17248432,11,6000.0,22,diesel,2024-09-19
1297,21865328,10,3000.0,15,gas,2024-09-19
1298,33564827,11,15000.0,24,diesel,2024-09-19
1299,34755903,12,4000.0,25,diesel,2024-09-19
